Año,Total_Incapacidades,Aprobadas,Negadas,Valor_Total_Pagado,Valor_Promedio,Dias_Promedio,% Aprobación,% Negadas
2024.0,2009,1708,301,928405974.0,462123.43155798904,12.876057740169239,85.01742160278745,14.982578397212542
2025.0,722,582,140,348728914.0,483004.0360110803,13.405817174515235,80.60941828254848,19.390581717451525
